decisaoId,fase,titulo,contexto,situacao,pergunta,ativo,ordem,opcaoLetra,opcaoTexto,opcaoTipo,custoDinheiro,custoTempo,custoEnergia,impactoVotos,impactoContatos,impactoReputacao,feedbackEducacional,dicaVitorino
1.1,1,Preparação para a Campanha,Você acordou decidido: vai disputar uma vaga na Câmara de Vereadores. Só que entre querer ser candidato e saber fazer campanha tem um abismo. A maioria dos que perdem não perde por falta de vontade – perde porque não sabe jogar esse jogo.,,Como você vai se preparar para a campanha?,True,0,A,Investir no curso euvereador.com.br,excelente,299.0,0,0,12.0,10,5.0,"Você fez a escolha mais inteligente possível neste momento. Campanha eleitoral é técnica, é método, é ciência. Candidatos preparados têm 3 vezes mais chances de vitória porque não cometem os erros básicos que eliminam 80% dos concorrentes.",Sabe qual é a diferença entre candidato que ganha e candidato que perde? O que ganha estudou antes de sair pedindo voto. Já vi advogado brilhante perder pra pedreiro porque o pedreiro entendeu que campanha não é sobre ser bom – é sobre parecer a melhor opção.
1.1,1,Preparação para a Campanha,Você acordou decidido: vai disputar uma vaga na Câmara de Vereadores. Só que entre querer ser candidato e saber fazer campanha tem um abismo. A maioria dos que perdem não perde por falta de vontade – perde porque não sabe jogar esse jogo.,,Como você vai se preparar para a campanha?,True,1,B,Estudar por conta própria,gratuito) ✅ (boa,0.0,20,0,2.5,3,2.0,"Você está no caminho certo ao buscar conhecimento. Mas estudar sozinho tem uma armadilha: você não sabe o que não sabe. Pode perder semanas em estratégias ultrapassadas ou dicas de ""gurus de internet"" que nunca elegeram ninguém.","Estudar por conta é válido, mas cuidado com as fontes. A internet está cheia de gente ensinando a fazer campanha que nunca pisou num comitê. Busque quem tem resultado comprovado, não quem tem mais seguidores."
1.1,1,Preparação para a Campanha,Você acordou decidido: vai disputar uma vaga na Câmara de Vereadores. Só que entre querer ser candidato e saber fazer campanha tem um abismo. A maioria dos que perdem não perde por falta de vontade – perde porque não sabe jogar esse jogo.,,Como você vai se preparar para a campanha?,True,2,C,Pedir conselhos para vereadores conhecidos,neutra,0.0,10,0,1.0,5,0.0,"Ouvir quem já passou pelo processo tem valor, mas vem com um risco grande: muitos vereadores foram eleitos numa época completamente diferente. O que funcionava em 2016 pode ser inútil em 2028. E tem outro problema: nem todo eleito sabe explicar como ganhou.","Vereador experiente pode te ensinar sobre o dia a dia do mandato, mas nem sempre sobre como vencer eleição. O jogo mudou: redes sociais, dados, segmentação... tem muita coisa que não existia quando a maioria deles se elegeu."
1.1,1,Preparação para a Campanha,Você acordou decidido: vai disputar uma vaga na Câmara de Vereadores. Só que entre querer ser candidato e saber fazer campanha tem um abismo. A maioria dos que perdem não perde por falta de vontade – perde porque não sabe jogar esse jogo.,,Como você vai se preparar para a campanha?,True,3,D,Não se preparar e confiar na intuição,ruim,0.0,0,0,-5.0,0,-3.0,"Você está apostando tudo na sorte numa disputa onde a maioria perde. Campanha eleitoral tem regras específicas, técnicas testadas e armadilhas que você nem imagina que existem. Confiar só no instinto é como entrar numa cirurgia achando que bom senso substitui medicina.","Confiar só na intuição é receita pra fracasso. Todo mundo que perde acha que 'da próxima vez' vai dar certo. Mas quem não aprende com os erros repete eles. E em política, às vezes não tem próxima vez."
1.2,1,Pesquisa de Público-Alvo,"Você decidiu ser candidato, mas candidato de quem? A cidade tem milhares de eleitores e você não vai conseguir falar com todos. Pior: se tentar agradar todo mundo, não vai conquistar ninguém. Antes de sair fazendo campanha, você precisa descobrir quem são as pessoas que mais provavelmente vão votar em você.",,Como você vai identificar seu público-alvo?,True,0,A,Contratar pesquisa profissional,excelente,5000.0,0,0,7.0,8,5.0,"Pesquisa profissional é o investimento mais rentável que existe em campanha. Você vai descobrir ONDE estão seus eleitores, QUEM são, O QUE pensam e COMO alcançá-los. Com esses dados, cada real gasto na campanha vai render muito mais.","Dados valem ouro. Saber que 60% dos seus potenciais eleitores são mulheres de 30-45 anos, mães, que usam Facebook e se preocupam com educação... isso muda TUDO. Você para de atirar no escuro e começa a acertar o alvo."
1.2,1,Pesquisa de Público-Alvo,"Você decidiu ser candidato, mas candidato de quem? A cidade tem milhares de eleitores e você não vai conseguir falar com todos. Pior: se tentar agradar todo mundo, não vai conquistar ninguém. Antes de sair fazendo campanha, você precisa descobrir quem são as pessoas que mais provavelmente vão votar em você.",,Como você vai identificar seu público-alvo?,True,1,B,Fazer pesquisa informal,conversar com pessoas) ✅ (boa,0.0,15,0,3.5,5,2.0,"Conversar com pessoas te dá insights valiosos que nenhum número consegue captar. Você entende as dores reais, os sonhos, as frustrações. O problema é que sua amostra é pequena e pode não representar a realidade da cidade.","Pesquisa informal é ótima pra entender o 'clima' da cidade, mas não substitui dados quantitativos. Use as duas coisas: dados pra saber os números, conversa pra entender as histórias por trás dos números."
1.2,1,Pesquisa de Público-Alvo,"Você decidiu ser candidato, mas candidato de quem? A cidade tem milhares de eleitores e você não vai conseguir falar com todos. Pior: se tentar agradar todo mundo, não vai conquistar ninguém. Antes de sair fazendo campanha, você precisa descobrir quem são as pessoas que mais provavelmente vão votar em você.",,Como você vai identificar seu público-alvo?,True,2,C,Analisar redes sociais e grupos locais,boa,0.0,10,0,3.5,4,2.0,"Redes sociais e grupos locais são termômetros do que as pessoas estão falando. Você consegue identificar temas quentes, reclamações recorrentes e lideranças de opinião que podem virar aliados ou obstáculos.","Grupos de WhatsApp e Facebook da cidade são minas de ouro. Ali você vê o que realmente importa pro povo, sem filtro. Quer saber o que irrita o eleitor? Entra num grupo de bairro e lê as reclamações."
1.2,1,Pesquisa de Público-Alvo,"Você decidiu ser candidato, mas candidato de quem? A cidade tem milhares de eleitores e você não vai conseguir falar com todos. Pior: se tentar agradar todo mundo, não vai conquistar ninguém. Antes de sair fazendo campanha, você precisa descobrir quem são as pessoas que mais provavelmente vão votar em você.",,Como você vai identificar seu público-alvo?,True,3,D,"Não fazer pesquisa, confiar no feeling",ruim,0.0,0,0,-3.0,0,-2.0,"Você está apostando que conhece a cidade melhor do que ela conhece a si mesma. O problema é que todo mundo vive numa bolha – você conversa com as mesmas pessoas, frequenta os mesmos lugares. Sem pesquisa, você vai descobrir que estava errado só depois de perder.","Feeling é importante, mas não substitui dados. Já vi candidato convicto de que ia ganhar – porque todo mundo que ele conhecia ia votar nele. Problema: ele só conhecia 500 pessoas numa cidade de 50 mil."
1.3,1,Definição de Posicionamento Político,"Nas primeiras conversas sobre sua candidatura, a pergunta aparece sempre: ""mas você é de esquerda ou de direita?"". Alguns dizem que você precisa ser pragmático pra ampliar alcance. Outros insistem em bandeira clara. Candidato sem posicionamento vira paisagem – mas posicionamento errado fecha portas que você pode precisar abrir.",,Como você vai se posicionar politicamente?,True,0,A,Posicionamento ideológico claro e firme,boa,0.0,0,0,9.5,12,2.0,"Você está sendo autêntico, e autenticidade é moeda rara em política. Eleitores valorizam candidatos que têm convicções claras e não mudam de opinião conforme a conveniência. Seu posicionamento firme vai atrair pessoas que pensam como você e criar uma base leal que não te abandona na primeira dificuldade.","Já vi candidato tentar agradar todo mundo e terminar não agradando ninguém. Posicionamento claro atrai quem pensa como você – e repele quem não pensa. Isso é bom, porque você precisa de base fiel, não de simpatia genérica."
1.3,1,Definição de Posicionamento Político,"Nas primeiras conversas sobre sua candidatura, a pergunta aparece sempre: ""mas você é de esquerda ou de direita?"". Alguns dizem que você precisa ser pragmático pra ampliar alcance. Outros insistem em bandeira clara. Candidato sem posicionamento vira paisagem – mas posicionamento errado fecha portas que você pode precisar abrir.",,Como você vai se posicionar politicamente?,True,1,B,Posicionamento pragmático e moderado,boa,0.0,0,0,6.0,8,2.0,"Você optou pelo caminho do meio, focando em soluções práticas em vez de bandeiras ideológicas. Isso amplia seu alcance, mas vem com um risco: pode te fazer parecer ""sem personalidade"" pra eleitores mais engajados que querem ver paixão.","Pragmatismo funciona quando você traduz isso em propostas concretas. Não seja 'morno' – seja o candidato das soluções. Tem gente que não quer saber de briga esquerda-direita, quer resolver problema. Fale com essas pessoas."
1.3,1,Definição de Posicionamento Político,"Nas primeiras conversas sobre sua candidatura, a pergunta aparece sempre: ""mas você é de esquerda ou de direita?"". Alguns dizem que você precisa ser pragmático pra ampliar alcance. Outros insistem em bandeira clara. Candidato sem posicionamento vira paisagem – mas posicionamento errado fecha portas que você pode precisar abrir.",,Como você vai se posicionar politicamente?,True,2,C,Evitar posicionamento claro,neutro em tudo) ❌ (ruim,0.0,0,0,-7.0,-10,-3.0,"Você está tentando não desagradar ninguém, mas acabou não agradando ninguém. Eleitores querem saber no que você acredita. Ser neutro em tudo passa imagem de fraqueza, oportunismo ou – pior – de alguém que esconde o que realmente pensa.","Política é sobre escolhas. Se você não escolhe nada, os eleitores também não vão te escolher. Já trabalhei com candidato assim – ele achava que estava sendo esperto, mas o eleitor percebia que era só medo de se comprometer."
1.4,1,Primeiras Conversas com Possíveis Apoiadores,"Novembro de 2027. Você decidiu que vai ser candidato, mas ainda não pode anunciar oficialmente. Agora é hora de sondar terreno – descobrir quem pode estar do seu lado quando a disputa começar de verdade. Essas conversas iniciais vão definir se você entra na campanha com uma rede ou sozinho.",,Como você vai abordar possíveis apoiadores?,True,0,A,Conversas individuais honestas sobre seu projeto político,excelente,0.0,25,20,2.5,8,5.0,"Conversas individuais e honestas constroem os apoios mais sólidos. Quando você senta com alguém, olha no olho e explica por que está fazendo isso, a pessoa se sente parte do projeto – não apenas um número.",Apoio verdadeiro vem de quem entende e acredita no seu projeto. Gasta tempo? Gasta. Mas cada pessoa que você conquista assim vira multiplicador. Ela não só vota – ela convence os outros a votar.
1.4,1,Primeiras Conversas com Possíveis Apoiadores,"Novembro de 2027. Você decidiu que vai ser candidato, mas ainda não pode anunciar oficialmente. Agora é hora de sondar terreno – descobrir quem pode estar do seu lado quando a disputa começar de verdade. Essas conversas iniciais vão definir se você entra na campanha com uma rede ou sozinho.",,Como você vai abordar possíveis apoiadores?,True,1,B,Reuniões em grupo para apresentar ideias,boa,0.0,20,15,2.0,6,2.0,"Reuniões em grupo são mais eficientes em tempo, mas perdem a profundidade das conversas individuais. Você apresenta pra muitos de uma vez, mas o compromisso que gera é mais fraco.","Grupo é bom pra apresentar, mas individual é melhor pra conquistar compromisso real. Use grupo pra quem ainda está em cima do muro; use conversa individual pra fechar com quem importa."
1.4,1,Primeiras Conversas com Possíveis Apoiadores,"Novembro de 2027. Você decidiu que vai ser candidato, mas ainda não pode anunciar oficialmente. Agora é hora de sondar terreno – descobrir quem pode estar do seu lado quando a disputa começar de verdade. Essas conversas iniciais vão definir se você entra na campanha com uma rede ou sozinho.",,Como você vai abordar possíveis apoiadores?,True,2,C,Esperar que apoiadores venham até você,ruim,0.0,0,0,-1.0,-5,-3.0,"Candidato que espera apoio chegar é candidato que perde. Política é proatividade. Enquanto você está esperando, seus adversários estão conversando com as pessoas que poderiam estar do seu lado.","Política não é pra tímidos. Vá atrás dos apoios, não espere que venham até você. Ninguém vai bater na sua porta pedindo pra te ajudar a ganhar eleição. Você tem que ir buscar."
1.5,1,Estudo da Legislação Eleitoral,"Dezembro de 2027. Você está empolgado com a campanha, mas tem um detalhe que pode acabar com tudo antes de começar: a legislação eleitoral. É um campo minado de regras que, se você pisar errado, pode resultar em multa, cassação ou até prisão. A maioria dos candidatos só descobre isso quando já é tarde demais.",,Como você vai se preparar juridicamente?,True,0,A,Contratar advogado especializado em direito eleitoral,excelente,1500.0,15,10,0.0,10,5.0,Advogado eleitoral não é luxo – é seguro. Ele te protege das armadilhas legais que você nem sabe que existem e te orienta sobre o que pode e não pode fazer em cada fase da campanha.,"Advogado eleitoral é investimento, não gasto. Um erro jurídico pode cassar sua candidatura mesmo depois de eleito. Já vi vereador tomar posse e perder o mandato três meses depois porque fez besteira na campanha."
1.5,1,Estudo da Legislação Eleitoral,"Dezembro de 2027. Você está empolgado com a campanha, mas tem um detalhe que pode acabar com tudo antes de começar: a legislação eleitoral. É um campo minado de regras que, se você pisar errado, pode resultar em multa, cassação ou até prisão. A maioria dos candidatos só descobre isso quando já é tarde demais.",,Como você vai se preparar juridicamente?,True,1,B,Estudar a legislação por conta própria,boa,0.0,30,20,0.0,3,2.0,"Você está se informando, e isso já te coloca à frente de muitos. Mas legislação eleitoral é complexa e muda frequentemente – você pode perder nuances importantes que fazem a diferença entre campanha legal e crime eleitoral.","Estudar a lei é bom, mas interpretá-la corretamente exige experiência. Combine estudo próprio com orientação profissional. Você pode ler o código de trânsito, mas ainda precisa de instrutor pra aprender a dirigir."
1.5,1,Estudo da Legislação Eleitoral,"Dezembro de 2027. Você está empolgado com a campanha, mas tem um detalhe que pode acabar com tudo antes de começar: a legislação eleitoral. É um campo minado de regras que, se você pisar errado, pode resultar em multa, cassação ou até prisão. A maioria dos candidatos só descobre isso quando já é tarde demais.",,Como você vai se preparar juridicamente?,True,2,C,Confiar que o partido vai orientar,neutra,0.0,5,0,0.5,0,0.0,"Partidos oferecem orientação básica, mas cada candidatura tem suas especificidades. O partido cuida do partido – você precisa cuidar de você.","Partido ajuda, mas não substitui assessoria jurídica própria. O advogado do partido tem 30 candidatos pra orientar. Você precisa de alguém olhando especificamente pra sua campanha."
1.5,1,Estudo da Legislação Eleitoral,"Dezembro de 2027. Você está empolgado com a campanha, mas tem um detalhe que pode acabar com tudo antes de começar: a legislação eleitoral. É um campo minado de regras que, se você pisar errado, pode resultar em multa, cassação ou até prisão. A maioria dos candidatos só descobre isso quando já é tarde demais.",,Como você vai se preparar juridicamente?,True,3,D,Não se preocupar com legislação agora,ruim,0.0,0,0,-2.0,0,-5.0,Ignorar a legislação é receita pra desastre. Você pode cometer irregularidades sem saber e descobrir só quando receber uma notificação da Justiça Eleitoral.,"Desconhecer a lei não é desculpa. Candidato que não conhece as regras está fadado a quebrá-las. E quando quebrar, não adianta chorar – a Justiça Eleitoral não perdoa."
1.6,1,Planejamento Financeiro Inicial,"Janeiro de 2028. Todo mundo sabe que campanha custa dinheiro, mas poucos sabem quanto. Você precisa responder três perguntas antes de seguir em frente: quanto vai precisar, de onde vai vir esse dinheiro, e o que acontece se faltar no meio do caminho?",,Como você vai planejar as finanças?,True,0,A,Contratar contador especializado e fazer planejamento detalhado,excelente,1000.0,20,15,0.0,0,5.0,"Planejamento financeiro profissional evita a pior situação possível: ficar sem dinheiro no momento crucial da campanha, quando cada real faz diferença. Contador especializado também garante que sua prestação de contas não vai virar dor de cabeça.",Dinheiro mal planejado é dinheiro desperdiçado. Já vi candidato gastar tudo no começo e não ter nem pra imprimir santinho na reta final. Contador te ajuda a dosar o ritmo certo.
1.6,1,Planejamento Financeiro Inicial,"Janeiro de 2028. Todo mundo sabe que campanha custa dinheiro, mas poucos sabem quanto. Você precisa responder três perguntas antes de seguir em frente: quanto vai precisar, de onde vai vir esse dinheiro, e o que acontece se faltar no meio do caminho?",,Como você vai planejar as finanças?,True,1,B,Fazer planilha própria com estimativas,boa,0.0,25,20,0.0,0,2.0,"Você está se organizando, e isso já te diferencia da maioria. Mas planilha própria tem armadilhas: você pode subestimar custos, esquecer itens importantes ou não prever imprevistos.","Planilha própria é bom começo, mas sempre adicione 20% de margem pra imprevistos. Campanha nunca sai como planejado – sempre aparece gasto que você não previu."
1.6,1,Planejamento Financeiro Inicial,"Janeiro de 2028. Todo mundo sabe que campanha custa dinheiro, mas poucos sabem quanto. Você precisa responder três perguntas antes de seguir em frente: quanto vai precisar, de onde vai vir esse dinheiro, e o que acontece se faltar no meio do caminho?",,Como você vai planejar as finanças?,True,2,C,Ir gastando conforme necessidade,ruim,0.0,0,0,-3.0,0,-3.0,"Gastar sem planejamento é a forma mais rápida de quebrar a campanha. Você vai descobrir que está sem dinheiro justamente quando mais precisar – na reta final, quando cada voto conta.","Campanha sem planejamento financeiro é como viagem sem mapa. Você pode até chegar, mas provavelmente vai se perder no caminho – e gastar o triplo do que precisava."
2.1,2,Formação da Equipe de Campanha,"Abril de 2028. Chegou a hora de montar sua equipe. Candidato que tenta fazer tudo sozinho não consegue estar em todos os lugares – e eleição de vereador é justamente sobre estar presente. A pergunta não é se você precisa de equipe, mas que tipo de equipe você consegue montar com os recursos que tem.",,Como você vai formar sua equipe?,True,0,A,Contratar profissionais experientes para funções-chave,excelente,3000.0,30,25,5.0,15,5.0,"Profissionais experientes trazem o que você não tem: conhecimento de campanhas anteriores, contatos que levaram anos pra construir e a capacidade de resolver problemas antes que virem crises.","Equipe profissional é diferencial. Coordenador experiente, assessor de comunicação competente, tesoureiro organizado... cada um deles já viu campanha dar errado e sabe como evitar os mesmos erros."
2.1,2,Formação da Equipe de Campanha,"Abril de 2028. Chegou a hora de montar sua equipe. Candidato que tenta fazer tudo sozinho não consegue estar em todos os lugares – e eleição de vereador é justamente sobre estar presente. A pergunta não é se você precisa de equipe, mas que tipo de equipe você consegue montar com os recursos que tem.",,Como você vai formar sua equipe?,True,1,B,Recrutar voluntários comprometidos,boa,0.0,35,30,3.0,10,2.0,"Voluntários comprometidos são valiosos porque acreditam em você de verdade. Mas voluntário é voluntário – pode faltar em momentos críticos, pode não ter a experiência necessária, pode cansar no meio do caminho.","Voluntários são a alma da campanha, mas precisam de coordenação profissional pra render. Gente de boa vontade sem direção é energia desperdiçada."
2.1,2,Formação da Equipe de Campanha,"Abril de 2028. Chegou a hora de montar sua equipe. Candidato que tenta fazer tudo sozinho não consegue estar em todos os lugares – e eleição de vereador é justamente sobre estar presente. A pergunta não é se você precisa de equipe, mas que tipo de equipe você consegue montar com os recursos que tem.",,Como você vai formar sua equipe?,True,2,C,Contar apenas com família e amigos próximos,neutra,0.0,20,15,1.0,3,0.0,"Família e amigos são leais, e lealdade tem valor. Mas campanha precisa de competência técnica e disponibilidade total – coisas que nem sempre a família consegue oferecer.","Família ajuda, mas misturar demais vida pessoal com campanha gera conflitos. Seu cunhado pode ser leal, mas se ele não souber fazer o trabalho, lealdade não basta."
2.1,2,Formação da Equipe de Campanha,"Abril de 2028. Chegou a hora de montar sua equipe. Candidato que tenta fazer tudo sozinho não consegue estar em todos os lugares – e eleição de vereador é justamente sobre estar presente. A pergunta não é se você precisa de equipe, mas que tipo de equipe você consegue montar com os recursos que tem.",,Como você vai formar sua equipe?,True,3,D,Fazer tudo sozinho,ruim,0.0,50,50,-5.0,0,-3.0,"Candidato que faz tudo sozinho não consegue estar em todos os lugares – e enquanto você está resolvendo problema de logística, está perdendo oportunidade de conquistar votos.","Candidato não é super-herói. Delegar é essencial. Quem tenta fazer tudo não faz nada bem. Você precisa estar na rua, não resolvendo burocracia."
2.2,2,Estratégia de Redes Sociais,"Redes sociais podem ser sua maior aliada ou sua maior armadilha. Usadas direito, te conectam com milhares de eleitores sem gastar quase nada. Usadas errado, viram fábrica de crises que você vai passar a campanha inteira tentando apagar.",,Como você vai trabalhar suas redes sociais?,True,0,A,Contratar social media profissional e criar calendário editorial,excelente,2000.0,20,15,8.0,12,5.0,"Social media profissional entende o que você não tem tempo de aprender: algoritmos, melhores horários, formatos que engajam e – mais importante – como evitar as crises que derrubam candidatos amadores.","Redes sociais são ciência. Profissional sabe que vídeo vertical engaja mais que horizontal, que terça-feira rende mais que domingo, que post com rosto performa melhor que paisagem. São detalhes que somados fazem diferença enorme."
2.2,2,Estratégia de Redes Sociais,"Redes sociais podem ser sua maior aliada ou sua maior armadilha. Usadas direito, te conectam com milhares de eleitores sem gastar quase nada. Usadas errado, viram fábrica de crises que você vai passar a campanha inteira tentando apagar.",,Como você vai trabalhar suas redes sociais?,True,1,B,Gerenciar você mesmo com dedicação,boa,0.0,40,35,4.0,6,2.0,"Você mantém autenticidade – e autenticidade vale ouro nas redes. Mas gerenciar redes consome tempo que talvez você devesse estar usando pra bater porta, e pode faltar técnica pra alcançar quem ainda não te conhece.","Gerenciar suas redes é válido, mas exige muito tempo. Avalie se não é melhor delegar. Cada hora que você passa editando vídeo é hora que não está na rua apertando mão."
2.2,2,Estratégia de Redes Sociais,"Redes sociais podem ser sua maior aliada ou sua maior armadilha. Usadas direito, te conectam com milhares de eleitores sem gastar quase nada. Usadas errado, viram fábrica de crises que você vai passar a campanha inteira tentando apagar.",,Como você vai trabalhar suas redes sociais?,True,2,C,Postar quando der tempo,neutra,0.0,15,10,1.0,2,0.0,"Inconsistência nas redes é quase pior que ausência. Algoritmos penalizam quem não posta regularmente, e eleitores esquecem quem só aparece de vez em quando.","Redes sociais exigem constância. Postar de vez em quando é quase o mesmo que não postar. Se você não vai fazer direito, talvez seja melhor concentrar energia em outra frente."
2.2,2,Estratégia de Redes Sociais,"Redes sociais podem ser sua maior aliada ou sua maior armadilha. Usadas direito, te conectam com milhares de eleitores sem gastar quase nada. Usadas errado, viram fábrica de crises que você vai passar a campanha inteira tentando apagar.",,Como você vai trabalhar suas redes sociais?,True,3,D,Não usar redes sociais,ruim,0.0,0,0,-8.0,-10,-5.0,"Em 2028, não usar redes sociais é praticamente desistir de uma fatia enorme do eleitorado. Você pode achar que faz campanha ""à moda antiga"", mas seus adversários estão alcançando milhares enquanto você alcança dezenas.","Candidato sem redes sociais em 2028 é como candidato sem santinho nos anos 90. Você simplesmente não existe pra muita gente. Pode não gostar, mas a realidade é essa."
2.3,2,Primeira Reunião com Lideranças,"Lideranças comunitárias, religiosas e empresariais não votam sozinhas – elas influenciam grupos inteiros. Uma boa reunião com elas pode te abrir portas que levaria meses pra conseguir sozinho. Uma reunião mal feita pode fechá-las pra sempre.",,Como você vai conduzir essa reunião?,True,0,A,Preparar apresentação profissional e ouvir demandas,excelente,500.0,25,20,6.0,15,5.0,"Apresentação profissional mostra que você leva isso a sério. Mas o segredo está em OUVIR – lideranças querem ser consultadas, não convencidas. Quem pergunta mais do que fala conquista mais apoio.","Lideranças querem ser ouvidas. Vá preparado pra apresentar, mas principalmente pra escutar. Anota o que eles falam, volta depois com respostas. Isso mostra respeito."
2.3,2,Primeira Reunião com Lideranças,"Lideranças comunitárias, religiosas e empresariais não votam sozinhas – elas influenciam grupos inteiros. Uma boa reunião com elas pode te abrir portas que levaria meses pra conseguir sozinho. Uma reunião mal feita pode fechá-las pra sempre.",,Como você vai conduzir essa reunião?,True,1,B,Conversa informal para conhecer as pessoas,boa,0.0,20,15,3.0,10,2.0,Informalidade cria proximidade e evita parecer que você está só querendo usar as pessoas. Mas pode passar imagem de falta de preparo – e lideranças respeitam quem chega preparado.,"Informal é bom pra criar conexão, mas tenha algo concreto pra apresentar também. Liderança quer saber que você não é só simpático – quer saber que você tem plano."
2.3,2,Primeira Reunião com Lideranças,"Lideranças comunitárias, religiosas e empresariais não votam sozinhas – elas influenciam grupos inteiros. Uma boa reunião com elas pode te abrir portas que levaria meses pra conseguir sozinho. Uma reunião mal feita pode fechá-las pra sempre.",,Como você vai conduzir essa reunião?,True,2,C,Ir sem preparo e improvisar,ruim,0.0,15,10,-3.0,-5,-3.0,Lideranças percebem falta de preparo na hora. E primeira impressão conta muito – você pode perder apoios antes mesmo de começar a campanha.,"Primeira impressão é a que fica. Ir despreparado pra reunião com lideranças é tiro no pé. Eles vão pensar: se ele não se preparou pra uma reunião, como vai se preparar pra um mandato?"
2.4,2,Definição de Propostas Iniciais,"Todo candidato promete melhorar a cidade, mas promessa vazia não convence mais ninguém. Você precisa de propostas que sejam ao mesmo tempo relevantes pro eleitor, viáveis tecnicamente e diferentes do que todo mundo está falando.",,Como você vai definir suas propostas?,True,0,A,Pesquisar demandas reais e criar propostas viáveis com assessoria técnica,excelente,2000.0,35,30,10.0,12,5.0,Propostas baseadas em pesquisa e validadas tecnicamente são blindagem contra ataques de adversários. Ninguém consegue te chamar de populista quando você mostra os números que sustentam cada promessa.,Proposta boa resolve problema real e pode ser implementada. Assessoria técnica te dá credibilidade: você não está prometendo – está apresentando solução estudada.
2.4,2,Definição de Propostas Iniciais,"Todo candidato promete melhorar a cidade, mas promessa vazia não convence mais ninguém. Você precisa de propostas que sejam ao mesmo tempo relevantes pro eleitor, viáveis tecnicamente e diferentes do que todo mundo está falando.",,Como você vai definir suas propostas?,True,1,B,Criar propostas baseadas no que você acredita,boa,0.0,25,20,5.0,6,2.0,"Autenticidade é importante – você precisa acreditar no que propõe. Mas suas crenças podem não coincidir com as prioridades do eleitorado, e você pode descobrir isso tarde demais.","Acreditar no que propõe é essencial – você vai ter que defender isso em debate. Mas valide com pesquisa se é o que o povo quer. Às vezes o que você acha urgente, eleitor acha secundário."
2.4,2,Definição de Propostas Iniciais,"Todo candidato promete melhorar a cidade, mas promessa vazia não convence mais ninguém. Você precisa de propostas que sejam ao mesmo tempo relevantes pro eleitor, viáveis tecnicamente e diferentes do que todo mundo está falando.",,Como você vai definir suas propostas?,True,2,C,Copiar propostas de candidatos bem-sucedidos,neutra,0.0,15,10,2.0,3,0.0,"Copiar pode funcionar, mas você perde autenticidade – e corre o risco de ser desmascarado. Além disso, o que funcionou em outra cidade pode não fazer sentido na sua.","Inspirar-se é válido, copiar é arriscado. Adapte pra sua realidade local. Proposta que elegeu vereador em Curitiba pode não fazer sentido no interior do Nordeste."
2.4,2,Definição de Propostas Iniciais,"Todo candidato promete melhorar a cidade, mas promessa vazia não convence mais ninguém. Você precisa de propostas que sejam ao mesmo tempo relevantes pro eleitor, viáveis tecnicamente e diferentes do que todo mundo está falando.",,Como você vai definir suas propostas?,True,3,D,Prometer tudo que o povo quer ouvir,ruim,0.0,10,0,3.0,0,-5.0,"Promessas irreais podem até atrair votos no começo, mas eleitores estão cada vez mais céticos. E adversários vão usar suas promessas impossíveis pra te atacar.","Prometer o impossível é receita pra ser visto como mentiroso. Eleitor de 2028 pesquisa, verifica, compara. Se você prometer o que não pode cumprir, vai ser desmascarado antes do dia da eleição."
2.5,2,Escolha do Partido,"Você precisa de um partido pra concorrer – não existe candidatura avulsa no Brasil. Mas partido não é só formalidade: ele afeta sua campanha em estrutura, recursos, tempo de TV e imagem. Entrar no partido errado pode te custar a eleição antes de começar.",,Como você vai escolher seu partido?,True,0,A,Escolher partido alinhado ideologicamente com boa estrutura local,excelente,0.0,30,25,8.0,20,5.0,"Partido que combina com seus valores E tem estrutura pra te ajudar é o melhor dos mundos. Você não vai ter que fingir ser quem não é, e vai ter apoio real quando precisar.",Partido certo é aquele que combina com você E tem estrutura pra te ajudar. Não adianta um sem o outro. Partido alinhado mas fraco não te elege. Partido forte mas desalinhado te faz passar vergonha.
2.5,2,Escolha do Partido,"Você precisa de um partido pra concorrer – não existe candidatura avulsa no Brasil. Mas partido não é só formalidade: ele afeta sua campanha em estrutura, recursos, tempo de TV e imagem. Entrar no partido errado pode te custar a eleição antes de começar.",,Como você vai escolher seu partido?,True,1,B,Escolher partido com mais tempo de TV,boa,0.0,20,15,5.0,10,2.0,"Tempo de TV ajuda, mas pra vereador o impacto é menor do que você imagina. Vereador se elege mais no corpo a corpo do que na televisão.","Tempo de TV é bom, mas não superestime. Pra prefeito, TV é fundamental. Pra vereador, você aparece 10 segundos e some. Corpo a corpo ainda é o que elege."
2.5,2,Escolha do Partido,"Você precisa de um partido pra concorrer – não existe candidatura avulsa no Brasil. Mas partido não é só formalidade: ele afeta sua campanha em estrutura, recursos, tempo de TV e imagem. Entrar no partido errado pode te custar a eleição antes de começar.",,Como você vai escolher seu partido?,True,2,C,Escolher qualquer partido que aceite sua candidatura,neutra,0.0,10,5,1.0,3,0.0,"Você garante a candidatura, mas pode ficar num partido sem estrutura ou com imagem que atrapalha mais do que ajuda.","Entrar em qualquer partido é melhor que não concorrer, mas escolha com cuidado se puder. Partido com imagem ruim pode te contaminar antes de você abrir a boca."
2.6,2,Primeiro Material Gráfico,Seu material gráfico é sua identidade visual – é o que as pessoas vão lembrar quando pensarem em você. Material amador passa imagem de campanha amadora. Material profissional passa credibilidade antes mesmo de você falar qualquer coisa.,,Como você vai criar seu material gráfico?,True,0,A,Contratar designer profissional e criar identidade visual completa,excelente,2500.0,20,15,6.0,8,5.0,"Identidade visual profissional comunica antes de você falar: este candidato é sério. Material bem feito é lembrado, material amador é esquecido – ou pior, virar piada.",Sua identidade visual é seu cartão de visitas. Investir em designer profissional é investir na sua imagem. Candidato com material feio passa imagem de campanha desorganizada.
2.6,2,Primeiro Material Gráfico,Seu material gráfico é sua identidade visual – é o que as pessoas vão lembrar quando pensarem em você. Material amador passa imagem de campanha amadora. Material profissional passa credibilidade antes mesmo de você falar qualquer coisa.,,Como você vai criar seu material gráfico?,True,1,B,Usar templates e fazer você mesmo,boa,200.0,30,25,3.0,4,2.0,Templates podem funcionar se você tiver bom gosto e dedicar tempo pra personalizar. Mas corre o risco de parecer igual a outros candidatos que usaram o mesmo template.,"Template é solução econômica, mas personalize bem pra não parecer genérico. E cuidado: se você não tem olho pra design, pode sair pior do que se tivesse contratado profissional."
2.6,2,Primeiro Material Gráfico,Seu material gráfico é sua identidade visual – é o que as pessoas vão lembrar quando pensarem em você. Material amador passa imagem de campanha amadora. Material profissional passa credibilidade antes mesmo de você falar qualquer coisa.,,Como você vai criar seu material gráfico?,True,2,C,Pedir para amigo que 'entende de design',neutra,0.0,15,10,1.0,2,0.0,"Amigo pode ajudar, mas amador é amador. Você economiza dinheiro mas arrisca sua imagem – e imagem ruim é difícil de consertar depois.",Amigo designer pode ser ótimo ou péssimo. Avalie o portfólio antes de aceitar. E lembre: amigo que faz de favor pode não priorizar seu trabalho quando você mais precisar.
2.7,2,Estratégia de Arrecadação de Pré-Campanha,"16 de maio de 2028. A partir de hoje, a lei permite arrecadar recursos pra campanha. Mas atenção: esse dinheiro fica BLOQUEADO até 16 de agosto. Você não pode usar agora – só pode guardar. E arrecadar dinheiro é mais difícil do que parece.

**⚠️ IMPORTANTE:** Os recursos arrecadados neste período ficam BLOQUEADOS até 16 de agosto. Usar antes é crime eleitoral.",,Como você vai arrecadar recursos?,True,0,A,Criar estratégia profissional de captação com múltiplas fontes,excelente,1000.0,35,30,0.0,15,5.0,Estratégia profissional diversifica fontes e maximiza arrecadação dentro da lei. Você não fica dependente de um grande doador – e isso é importante tanto pra sua independência quanto pra sua segurança jurídica.,"Arrecadação é arte. Profissional sabe como abordar doadores, criar eventos de captação e usar crowdfunding. Mas nunca esqueça: o dinheiro fica bloqueado até agosto. Não conta com ele agora."
2.7,2,Estratégia de Arrecadação de Pré-Campanha,"16 de maio de 2028. A partir de hoje, a lei permite arrecadar recursos pra campanha. Mas atenção: esse dinheiro fica BLOQUEADO até 16 de agosto. Você não pode usar agora – só pode guardar. E arrecadar dinheiro é mais difícil do que parece.

**⚠️ IMPORTANTE:** Os recursos arrecadados neste período ficam BLOQUEADOS até 16 de agosto. Usar antes é crime eleitoral.",,Como você vai arrecadar recursos?,True,1,B,Pedir doações para conhecidos e apoiadores,boa,0.0,30,25,0.0,8,2.0,"Doações de conhecidos são válidas e legais. Cada doador se torna um pouco mais comprometido com sua vitória – afinal, investiu dinheiro em você.","Pedir doação é constrangedor pra muitos, mas faz parte. Seja transparente sobre o uso e respeite os limites legais. E lembre: esse dinheiro só pode ser usado depois de agosto."
2.7,2,Estratégia de Arrecadação de Pré-Campanha,"16 de maio de 2028. A partir de hoje, a lei permite arrecadar recursos pra campanha. Mas atenção: esse dinheiro fica BLOQUEADO até 16 de agosto. Você não pode usar agora – só pode guardar. E arrecadar dinheiro é mais difícil do que parece.

**⚠️ IMPORTANTE:** Os recursos arrecadados neste período ficam BLOQUEADOS até 16 de agosto. Usar antes é crime eleitoral.",,Como você vai arrecadar recursos?,True,2,C,Usar apenas recursos próprios,neutra,0.0,0,0,1.0,0,0.0,Recursos próprios são legais e evitam dependência de doadores. Mas limitam sua capacidade de campanha – e você vai competir com quem tem mais dinheiro.,"Usar só recurso próprio é válido, mas você compete com quem tem mais. Avalie bem: às vezes vale pedir ajuda pra ter campanha competitiva."
2.7,2,Estratégia de Arrecadação de Pré-Campanha,"16 de maio de 2028. A partir de hoje, a lei permite arrecadar recursos pra campanha. Mas atenção: esse dinheiro fica BLOQUEADO até 16 de agosto. Você não pode usar agora – só pode guardar. E arrecadar dinheiro é mais difícil do que parece.

**⚠️ IMPORTANTE:** Os recursos arrecadados neste período ficam BLOQUEADOS até 16 de agosto. Usar antes é crime eleitoral.",,Como você vai arrecadar recursos?,True,3,D,Aceitar qualquer doação sem verificar origem,ruim,0.0,0,0,0.0,0,-10.0,"Aceitar dinheiro sem saber de onde vem é arriscadíssimo. Pode ser caixa 2, pode ser de fonte proibida. Você pode ser cassado – e pior, pode responder criminalmente.",NUNCA aceite dinheiro sem saber de onde vem. Caixa 2 é crime e pode acabar com sua carreira política. Não existe 'só dessa vez' – a Justiça Eleitoral está de olho.
2.8,2,Definição de Slogan,"Slogan é a síntese da sua campanha em uma frase. É o que as pessoas vão repetir, lembrar, associar a você. Um bom slogan gruda na cabeça. Um slogan ruim ou genérico faz você parecer igual a todos os outros candidatos.",,Como você vai criar seu slogan?,True,0,A,Contratar publicitário para criar slogan testado com público,excelente,1500.0,20,15,5.0,6,5.0,Publicitário sabe criar mensagens que grudam. E testar com público antes de adotar evita o constrangimento de descobrir que seu slogan não funciona quando já está impresso em mil santinhos.,Slogan bom é aquele que o eleitor lembra sem esforço. Profissional sabe criar isso. E teste antes de adotar – o que faz sentido na sua cabeça pode não fazer sentido pra quem você quer alcançar.
2.8,2,Definição de Slogan,"Slogan é a síntese da sua campanha em uma frase. É o que as pessoas vão repetir, lembrar, associar a você. Um bom slogan gruda na cabeça. Um slogan ruim ou genérico faz você parecer igual a todos os outros candidatos.",,Como você vai criar seu slogan?,True,1,B,Criar você mesmo baseado em suas propostas,boa,0.0,20,15,2.5,3,2.0,Você conhece suas propostas melhor que ninguém. Mas pode faltar a técnica de comunicação que transforma uma ideia boa num slogan memorável.,"Criar seu slogan é válido, mas teste com pessoas de fora. O que faz sentido pra você pode não fazer pra outros. Mostra pra dez pessoas diferentes e vê se lembram no dia seguinte."
2.8,2,Definição de Slogan,"Slogan é a síntese da sua campanha em uma frase. É o que as pessoas vão repetir, lembrar, associar a você. Um bom slogan gruda na cabeça. Um slogan ruim ou genérico faz você parecer igual a todos os outros candidatos.",,Como você vai criar seu slogan?,True,2,C,Criar você mesmo baseado em intuição,neutra,0.0,15,10,1.0,0,0.0,"Você pode ter uma boa ideia, mas também pode criar algo que não conecta com eleitores – e só vai descobrir quando já for tarde.","Intuição é válida, mas sempre teste antes de adotar. Slogan que parece genial às 2h da manhã pode parecer ridículo à luz do dia."
2.9,2,Primeira Caminhada no Bairro,Caminhada é o básico do corpo a corpo – e corpo a corpo é o que elege vereador. Mas caminhada mal feita é só passeio com gasto de energia. Caminhada bem feita é máquina de conquistar votos.,,Como você vai organizar sua caminhada?,True,0,A,"Planejar rota, horário, equipe de apoio e material",excelente,400.0,25,30,9.5,10,5.0,"Caminhada planejada maximiza cada passo. Você sabe onde vai encontrar mais gente, em que horário, e tem equipe pra cobrir mais terreno enquanto você conversa.","Caminhada sem planejamento é passeio. Planeje rota pelo fluxo de pessoas, horário pelo movimento, e tenha equipe distribuindo material enquanto você aperta mãos."
2.9,2,Primeira Caminhada no Bairro,Caminhada é o básico do corpo a corpo – e corpo a corpo é o que elege vereador. Mas caminhada mal feita é só passeio com gasto de energia. Caminhada bem feita é máquina de conquistar votos.,,Como você vai organizar sua caminhada?,True,1,B,Ir com alguns amigos sem muito planejamento,boa,100.0,20,25,5.0,5,2.0,"Você está indo pra rua, e isso já é positivo. Muitos candidatos ficam planejando eternamente e nunca saem do comitê. Mas sem planejamento, você gasta energia em lugares errados.","Corpo a corpo é essencial, mas planeje pra não desperdiçar energia. Andar duas horas onde não tem ninguém é tempo perdido que podia estar convertendo votos."
2.9,2,Primeira Caminhada no Bairro,Caminhada é o básico do corpo a corpo – e corpo a corpo é o que elege vereador. Mas caminhada mal feita é só passeio com gasto de energia. Caminhada bem feita é máquina de conquistar votos.,,Como você vai organizar sua caminhada?,True,2,C,Ir sozinho para 'conhecer o bairro',neutra,0.0,30,35,2.5,2,0.0,"Sozinho você conhece o bairro, mas não projeta força. Campanha é trabalho de equipe – candidato sozinho na rua passa imagem de campanha fraca.","Candidato sozinho na rua parece campanha abandonada. Leve pelo menos alguns apoiadores. Movimento atrai atenção, atenção gera curiosidade, curiosidade vira voto."
2.10,2,Relacionamento com Imprensa Local,"Jornal local, rádio do bairro, blog de notícias – imprensa local pode não ter a audiência da Globo, mas tem algo mais valioso: credibilidade com quem vai votar em você. Uma matéria positiva vale mais que dez posts patrocinados.",,Como você vai se relacionar com a imprensa?,True,0,A,Fazer media training e aceitar entrevista preparado,excelente,800.0,20,15,8.5,12,5.0,"Media training te prepara pra responder bem, evitar armadilhas e transformar perguntas difíceis em oportunidades. Jornalista experiente percebe candidato preparado – e respeita.",Imprensa pode te ajudar ou te destruir. Prepare-se bem antes de qualquer entrevista. Jornalista faz pergunta difícil não por maldade – faz porque é o trabalho dele. Esteja pronto.
2.10,2,Relacionamento com Imprensa Local,"Jornal local, rádio do bairro, blog de notícias – imprensa local pode não ter a audiência da Globo, mas tem algo mais valioso: credibilidade com quem vai votar em você. Uma matéria positiva vale mais que dez posts patrocinados.",,Como você vai se relacionar com a imprensa?,True,1,B,Aceitar entrevista e responder com sinceridade,boa,0.0,15,10,5.0,8,2.0,"Sinceridade é importante – ninguém gosta de candidato ensaiado demais. Mas sem preparo, você pode cometer gafes ou ser mal interpretado. E na internet, gafe não some nunca.","Seja sincero, mas também seja estratégico. Pense antes de falar. Uma frase infeliz vira manchete, e manchete ruim te persegue até o dia da eleição."
2.10,2,Relacionamento com Imprensa Local,"Jornal local, rádio do bairro, blog de notícias – imprensa local pode não ter a audiência da Globo, mas tem algo mais valioso: credibilidade com quem vai votar em você. Uma matéria positiva vale mais que dez posts patrocinados.",,Como você vai se relacionar com a imprensa?,True,2,C,Recusar entrevista com medo de errar,ruim,0.0,0,0,-5.0,-5,-3.0,"Recusar imprensa passa mensagem clara: você tem medo ou tem algo a esconder. Nenhuma das duas é boa. E enquanto você está quieto, seus adversários estão aparecendo.",Não tenha medo da imprensa. Prepare-se e vá. Candidato que foge de entrevista levanta suspeita: o que ele está escondendo?
2.11,2,Participação em Debate Local,"Debate em associação de moradores, rádio comunitária ou igreja é diferente de debate na TV – é mais informal, mais próximo, e qualquer erro fica mais evidente. Mas também é onde você pode se destacar de verdade, porque a maioria dos candidatos chega despreparada.",,Como você vai se preparar para o debate?,True,0,A,Contratar consultor e fazer simulações de debate,excelente,1500.0,30,25,11.0,15,5.0,"Simulações te preparam pra pressão real. Consultor te ensina a responder ataques sem parecer defensivo, a destacar suas propostas em poucos segundos e a não cair em armadilhas que adversários vão preparar.","Debate é arena. Quem não se prepara, perde. Simulação com alguém te atacando de verdade é a única forma de saber como você vai reagir quando a pressão vier."
2.11,2,Participação em Debate Local,"Debate em associação de moradores, rádio comunitária ou igreja é diferente de debate na TV – é mais informal, mais próximo, e qualquer erro fica mais evidente. Mas também é onde você pode se destacar de verdade, porque a maioria dos candidatos chega despreparada.",,Como você vai se preparar para o debate?,True,1,B,Estudar propostas e treinar com equipe,boa,0.0,25,20,6.0,10,2.0,"Você está se preparando, e isso já te coloca à frente de muitos. Mas treino com equipe amiga não simula a pressão real de um adversário querendo te derrubar.","Treinar com equipe ajuda, mas ninguém da sua equipe vai te atacar de verdade. E no debate, o adversário vai. Falta experiência de simulação realista."
2.11,2,Participação em Debate Local,"Debate em associação de moradores, rádio comunitária ou igreja é diferente de debate na TV – é mais informal, mais próximo, e qualquer erro fica mais evidente. Mas também é onde você pode se destacar de verdade, porque a maioria dos candidatos chega despreparada.",,Como você vai se preparar para o debate?,True,2,C,Ir sem preparo confiando na sua capacidade,ruim,0.0,0,0,-7.0,-10,-3.0,Debate sem preparo é roleta russa. Você pode ter um dia bom e se sair bem – ou cometer uma gafe que vira viral e te persegue até a eleição.,Improviso em debate é receita pra desastre. Já vi candidato confiante demais gaguejar quando levou pergunta que não esperava. Prepare-se sempre.
2.12,2,Gestão de Crise nas Redes,"Um comentário seu antigo foi tirado de contexto e está viralizando negativamente. Os grupos de WhatsApp estão compartilhando, as pessoas estão marcando você nas redes, e seus apoiadores querem saber o que fazer. Crise nas redes se espalha rápido – e se você não agir, a narrativa se consolida contra você.",,Como você vai gerenciar essa crise?,True,0,A,Contratar assessoria de crise e fazer pronunciamento esclarecedor,excelente,1000.0,15,20,3.5,5,5.0,"Profissionais de crise sabem o tom certo, a velocidade certa e o formato certo pra responder. Pronunciamento rápido e bem feito transforma crise em oportunidade de mostrar caráter.","Em crise, velocidade e técnica são essenciais. Não improvise. Profissional sabe que às vezes a melhor resposta não é se defender – é atacar a fonte da fake news."
2.12,2,Gestão de Crise nas Redes,"Um comentário seu antigo foi tirado de contexto e está viralizando negativamente. Os grupos de WhatsApp estão compartilhando, as pessoas estão marcando você nas redes, e seus apoiadores querem saber o que fazer. Crise nas redes se espalha rápido – e se você não agir, a narrativa se consolida contra você.",,Como você vai gerenciar essa crise?,True,1,B,Fazer vídeo explicando o contexto real,boa,0.0,20,25,2.5,3,2.0,"Transparência ajuda, e vídeo mostrando seu rosto passa mais verdade que texto. Mas sem orientação profissional você pode escolher palavras erradas ou tom errado e piorar a situação.","Vídeo de esclarecimento é bom, mas cuidado com o tom e as palavras. Parecer nervoso ou agressivo pode confirmar o que estão dizendo de você. Respire, prepare e grave."
2.12,2,Gestão de Crise nas Redes,"Um comentário seu antigo foi tirado de contexto e está viralizando negativamente. Os grupos de WhatsApp estão compartilhando, as pessoas estão marcando você nas redes, e seus apoiadores querem saber o que fazer. Crise nas redes se espalha rápido – e se você não agir, a narrativa se consolida contra você.",,Como você vai gerenciar essa crise?,True,2,C,Ignorar e esperar a polêmica passar,ruim,0.0,0,0,-9.5,-15,-3.0,"Silêncio em crise é interpretado como culpa. Enquanto você está quieto, a narrativa negativa se consolida e vira ""verdade"" na cabeça das pessoas.","Nunca ignore crise. Silêncio é visto como admissão de culpa. A internet não esquece, e quanto mais tempo você demora pra responder, mais difícil fica reverter."
2.13,2,Parceria com Associações de Bairro,"Associações de bairro são termômetros da comunidade. Elas conhecem os problemas reais, têm credibilidade com os moradores e podem mobilizar grupos inteiros de eleitores. Uma parceria bem feita pode valer mais que meses de campanha tradicional.",,Como você vai se relacionar com as associações?,True,0,A,Aceitar parceria e participar ativamente dos eventos,excelente,600.0,30,25,12.0,15,5.0,Participação genuína mostra que você se importa de verdade. Eleitores percebem quem está lá pra ajudar e quem está lá só pra aparecer na foto.,Associações são pontes pra comunidade. Invista nessa relação. Presidente de associação que gosta de você vira cabo eleitoral gratuito que trabalha 24 horas.
2.13,2,Parceria com Associações de Bairro,"Associações de bairro são termômetros da comunidade. Elas conhecem os problemas reais, têm credibilidade com os moradores e podem mobilizar grupos inteiros de eleitores. Uma parceria bem feita pode valer mais que meses de campanha tradicional.",,Como você vai se relacionar com as associações?,True,1,B,"Aceitar, mas participar apenas dos eventos principais",boa,300.0,15,10,6.0,8,2.0,"Você marca presença nos momentos importantes, mas participação parcial limita o vínculo que você cria. Associações valorizam quem aparece sempre, não só quando é conveniente.","Presença é importante, mas consistência gera mais resultados. Se você só aparece em evento grande, vão perceber que você está lá pelo holofote, não pela causa."
2.13,2,Parceria com Associações de Bairro,"Associações de bairro são termômetros da comunidade. Elas conhecem os problemas reais, têm credibilidade com os moradores e podem mobilizar grupos inteiros de eleitores. Uma parceria bem feita pode valer mais que meses de campanha tradicional.",,Como você vai se relacionar com as associações?,True,2,C,Recusar para não se comprometer com grupos específicos,ruim,0.0,0,0,-7.0,-10,-3.0,"Recusar parceria com associações passa imagem de distanciamento da comunidade. E associações não são ""grupos específicos"" – são a própria comunidade organizada.",Associações não são lobby – são moradores organizados tentando resolver problemas. Recusar trabalhar com elas é recusar trabalhar com a comunidade.
3.1,3,Lançamento Oficial da Campanha,16 de agosto de 2028. Hoje começa a campanha oficial. Tudo que você planejou nos últimos meses agora vai ser testado de verdade. O lançamento é seu primeiro grande momento público – é quando você mostra pro mundo que está na disputa pra valer.,,Como você vai fazer seu lançamento?,True,0,A,Grande evento de lançamento com estrutura profissional,excelente,5000.0,40,35,15.0,25,5.0,Lançamento grandioso mostra força e atrai atenção da mídia. Você começa a campanha oficial projetando imagem de candidato competitivo – e isso atrai mais apoiadores.,Primeiro dia é primeira impressão. Faça um lançamento que marque e mostre que você veio pra vencer. Adversários vão notar – e apoiadores em cima do muro vão perceber que vale a pena apostar em você.
3.1,3,Lançamento Oficial da Campanha,16 de agosto de 2028. Hoje começa a campanha oficial. Tudo que você planejou nos últimos meses agora vai ser testado de verdade. O lançamento é seu primeiro grande momento público – é quando você mostra pro mundo que está na disputa pra valer.,,Como você vai fazer seu lançamento?,True,1,B,Evento médio com apoiadores principais,boa,2000.0,30,25,8.0,15,2.0,"Evento organizado cumpre objetivo sem gastar demais. Você lança oficialmente, reúne a base e parte pro trabalho.","Evento médio funciona, mas lembre que adversários podem estar fazendo maior. Se o lançamento do outro lotar e o seu não, a comparação trabalha contra você."
3.1,3,Lançamento Oficial da Campanha,16 de agosto de 2028. Hoje começa a campanha oficial. Tudo que você planejou nos últimos meses agora vai ser testado de verdade. O lançamento é seu primeiro grande momento público – é quando você mostra pro mundo que está na disputa pra valer.,,Como você vai fazer seu lançamento?,True,2,C,Começar direto no corpo a corpo sem evento,neutra,0.0,25,20,3.0,5,0.0,Você economiza e vai direto pro trabalho. Mas perde o momento simbólico de lançamento – e símbolo importa em política.,Lançamento é ritual. Pular pode parecer falta de estrutura ou de entusiasmo. Até candidato pequeno faz alguma coisa pra marcar o começo.
4.1,4,Intensificação de Agenda,"Setembro começou. Faltam 35 dias pra eleição. A partir de agora, cada dia vale por três. Quem relaxa perde terreno que não consegue recuperar. Quem intensifica abre vantagem que adversário não alcança.",,Como você vai intensificar sua agenda?,True,0,A,"Agenda tripla: manhã, tarde e noite, todos os dias",excelente,2000.0,50,45,24.0,20,5.0,"Reta final exige sacrifício. Você vai cansar, vai querer desistir, vai sentir que não aguenta mais. Mas cada hora na rua nesse momento vale por dez no começo da campanha.","Último mês é guerra. Quem descansa, perde. Agenda tripla é padrão de candidato vitorioso. Dorme menos, come na rua, mas não para. Quando passar, você descansa."
4.1,4,Intensificação de Agenda,"Setembro começou. Faltam 35 dias pra eleição. A partir de agora, cada dia vale por três. Quem relaxa perde terreno que não consegue recuperar. Quem intensifica abre vantagem que adversário não alcança.",,Como você vai intensificar sua agenda?,True,1,B,Agenda dupla: manhã e tarde OU tarde e noite,boa,1200.0,35,30,14.5,15,2.0,Você intensifica sem se esgotar completamente. É equilíbrio entre presença e saúde – mas seus adversários podem estar fazendo mais.,"Agenda dupla funciona, mas seus adversários podem estar fazendo tripla. Se eles estão na rua enquanto você está descansando, eles estão conquistando voto que podia ser seu."
4.1,4,Intensificação de Agenda,"Setembro começou. Faltam 35 dias pra eleição. A partir de agora, cada dia vale por três. Quem relaxa perde terreno que não consegue recuperar. Quem intensifica abre vantagem que adversário não alcança.",,Como você vai intensificar sua agenda?,True,2,C,Manter agenda normal,ruim,600.0,20,15,-7.0,-10,-3.0,"Manter ritmo normal na reta final é perder terreno. Enquanto você mantém, adversários intensificam – e cada voto que eles conquistam é voto que você perdeu.","Reta final não é hora de conforto. Intensifique ou prepare-se pra perder. Eleição se ganha no final, não no começo."
5.1,5,Início da Mobilização Final,"23 de setembro. Faltam exatos 12 dias pra eleição. Tudo que você fez até agora culmina nestes dias. Não tem mais tempo pra planejar – agora é executar. Cada hora conta, cada conversa importa, cada voto pode ser o que faz a diferença.",,Como você vai iniciar a mobilização final?,True,0,A,Reunião geral com toda equipe e voluntários para alinhamento final,excelente,1000.0,35,30,14.5,18,5.0,Reunião geral alinha todos pro sprint final. Equipe motivada e coordenada multiplica seu alcance – cada pessoa sabe exatamente o que fazer.,Últimos dias são sprint. Alinhe toda equipe e vá com tudo. Reunião presencial cria energia que mensagem de WhatsApp não consegue transmitir.
5.1,5,Início da Mobilização Final,"23 de setembro. Faltam exatos 12 dias pra eleição. Tudo que você fez até agora culmina nestes dias. Não tem mais tempo pra planejar – agora é executar. Cada hora conta, cada conversa importa, cada voto pode ser o que faz a diferença.",,Como você vai iniciar a mobilização final?,True,1,B,Comunicar por WhatsApp e começar ações,boa,300.0,25,20,8.0,12,2.0,WhatsApp funciona pra comunicar rápido. Mas falta a energia da reunião presencial – olho no olho motiva mais que emoji.,"WhatsApp é prático, mas reunião presencial cria energia que mensagem não consegue. Ver todo mundo junto, olhar nos olhos, sentir que a vitória é possível – isso muda o ânimo."
5.1,5,Início da Mobilização Final,"23 de setembro. Faltam exatos 12 dias pra eleição. Tudo que você fez até agora culmina nestes dias. Não tem mais tempo pra planejar – agora é executar. Cada hora conta, cada conversa importa, cada voto pode ser o que faz a diferença.",,Como você vai iniciar a mobilização final?,True,2,C,Continuar no ritmo atual,neutra,100.0,15,10,3.0,5,0.0,"Manter ritmo nos últimos dias é desperdiçar a reta final. É agora ou nunca – depois do dia 5 de outubro, não tem mais o que fazer.","Últimos dias não são pra manter. São pra intensificar ao máximo. Você descansa dia 6. Até lá, dá tudo."
